Departure_Time,Departure_Station_Name,Electric,Duration,Duration_Minutes,Departure_Latitude,Departure_Longitude,Hour,Weekday,Is_Weekend
2024-05-01 00:00:35,Silly - Galliéni,False,0 days 00:01:54,1.9,48.835583838706,2.2325500845909,0,Wednesday,False
2024-05-01 00:00:35,Paradis - Hauteville,False,0 days 00:02:51,2.85,48.87499995466676,2.3522757401923404,0,Wednesday,False
2024-05-01 00:00:35,Gare Montparnasse - René Mouchotte,False,0 days 00:02:51,2.85,48.83920384329242,2.320883944630623,0,Wednesday,False
2024-05-01 00:00:35,Place de la Reine Astrid,False,0 days 00:03:48,3.8,48.864920982538,2.3025491823859,0,Wednesday,False
2024-05-01 00:00:35,Exelmans - Michel-Ange,True,0 days 00:03:48,3.8,48.84309486651855,2.2597770800669053,0,Wednesday,False
2024-05-01 00:01:32,Tiron - Rivoli,False,0 days 00:02:51,2.85,48.855692253233,2.3579058051109,0,Wednesday,False
2024-05-01 00:00:35,Cevennes - Bergers,True,0 days 00:03:48,3.8,48.84240765130395,2.281037718057633,0,Wednesday,False
2024-05-01 00:00:35,Haies - Réunion,True,0 days 00:03:48,3.8,48.85386896766491,2.402426162238911,0,Wednesday,False
2024-05-01 00:01:32,Jussieu - Fossés Saint-Bernard,False,0 days 00:02:51,2.85,48.84718551002347,2.3534858599305157,0,Wednesday,False
2024-05-01 00:02:29,Square Louis XVI,False,0 days 00:02:52,2.8666666666666667,48.87320440102894,2.323658830743138,0,Wednesday,False
2024-05-01 00:00:35,Charonne - Bureau,True,0 days 00:04:46,4.766666666666667,48.854176,2.396093,0,Wednesday,False
2024-05-01 00:01:32,Faubourg St-Antoine - Place de la Nation,True,0 days 00:03:49,3.816666666666667,48.8487726,2.393606,0,Wednesday,False
2024-05-01 00:00:35,Alibert - Jemmapes,True,0 days 00:05:42,5.7,48.871044051984,2.3661044619878,0,Wednesday,False
2024-05-01 00:00:35,Quai de la Loire - Jean Jaurès,True,0 days 00:05:42,5.7,48.88339733854529,2.371074522980134,0,Wednesday,False
2024-05-01 00:00:35,Montgallet - Reuilly,False,0 days 00:05:42,5.7,48.844291,2.3896481,0,Wednesday,False
2024-05-01 00:02:29,Lacépède - Linné,True,0 days 00:03:48,3.8,48.8437035476636,2.354651279747486,0,Wednesday,False
2024-05-01 00:00:35,Saint-Mande - Picpus,True,0 days 00:05:42,5.7,48.845127728278,2.4015686296482,0,Wednesday,False
2024-05-01 00:01:32,Joseph Liouville - Croix Nivert,False,0 days 00:04:45,4.75,48.844835471244416,2.297508493065834,0,Wednesday,False
2024-05-01 00:02:29,Beaubourg - Michel-le-Comte,False,0 days 00:03:48,3.8,48.862534941806,2.3543103039265,0,Wednesday,False
2024-05-01 00:02:29,Volontaires - Lecourbe,False,0 days 00:04:45,4.75,48.84351378799,2.3065522313118,0,Wednesday,False
2024-05-01 00:04:23,Villette - Belleville,False,0 days 00:02:51,2.85,48.8726877314,2.376461327076,0,Wednesday,False
2024-05-01 00:02:29,Marcadet - Barbès,True,0 days 00:04:45,4.75,48.890451120965,2.3490573929687,0,Wednesday,False
2024-05-01 00:00:35,Place Paul Eluard,False,0 days 00:06:39,6.65,48.7672039733195,2.4144977331161503,0,Wednesday,False
2024-05-01 00:02:29,Sabot - Rennes,False,0 days 00:04:45,4.75,48.852575112948415,2.331552766263485,0,Wednesday,False
2024-05-01 00:01:32,Harpe - Saint-Germain,False,0 days 00:05:42,5.7,48.851518815017,2.3436703160405,0,Wednesday,False
2024-05-01 00:02:29,Place Violet,False,0 days 00:04:45,4.75,48.84487893836502,2.2905756533145905,0,Wednesday,False
2024-05-01 00:02:29,Joseph Dijon - Ornano,True,0 days 00:04:45,4.75,48.89374453351521,2.3476678133010864,0,Wednesday,False
2024-05-01 00:00:35,Place Paul Eluard,True,0 days 00:06:39,6.65,48.7672039733195,2.4144977331161503,0,Wednesday,False
2024-05-01 00:01:32,Uzès - Montmartre,False,0 days 00:05:42,5.7,48.87079098024071,2.3431010171771054,0,Wednesday,False
2024-05-01 00:00:35,Saint-Maur - République,True,0 days 00:06:39,6.65,48.864185861455,2.3783174157143,0,Wednesday,False
2024-05-01 00:02:29,Passy - Place du Costa Rica,True,0 days 00:04:45,4.75,48.8584893,2.2839655,0,Wednesday,False
2024-05-01 00:05:21,Edgar Quinet - Raspail,False,0 days 00:01:53,1.8833333333333333,48.83940266673835,2.32971478253603,0,Wednesday,False
2024-05-01 00:02:29,Place de la Porte de Châtillon,False,0 days 00:04:45,4.75,48.8242469,2.3186306,0,Wednesday,False
2024-05-01 00:02:29,Square Saint-Ambroise,False,0 days 00:04:45,4.75,48.860934,2.375841,0,Wednesday,False
2024-05-01 00:00:35,Italie - Tolbiac,False,0 days 00:06:39,6.65,48.82557229464416,2.357617132365704,0,Wednesday,False
2024-05-01 00:03:26,Romainville - Vaillant-Couturier,True,0 days 00:03:48,3.8,48.86785,2.446748,0,Wednesday,False
2024-05-01 00:02:29,Hôpital Bégin,False,0 days 00:04:45,4.75,48.84571672113014,2.4272462725639348,0,Wednesday,False
2024-05-01 00:03:26,Place Henri Dunant - Gare RER,True,0 days 00:03:48,3.8,48.788093281931,2.2909234046643,0,Wednesday,False
2024-05-01 00:00:35,Place du Moulin de Javel,False,0 days 00:06:39,6.65,48.84021670922,2.2716060653329,0,Wednesday,False
2024-05-01 00:00:35,Villette - Belleville,False,0 days 00:06:39,6.65,48.8726877314,2.376461327076,0,Wednesday,False
2024-05-01 00:00:35,Transvaal - Charles de Gaulle ,False,0 days 00:06:39,6.65,48.848280403628806,2.2373420120857195,0,Wednesday,False
2024-05-01 00:02:29,Hispano Suiza - Parc des Bruyères,False,0 days 00:05:42,5.7,48.915885074177,2.2682306702811,0,Wednesday,False
2024-05-01 00:01:32,Batignolles - Beudant,True,0 days 00:06:39,6.65,48.88216401466375,2.319852970540523,0,Wednesday,False
2024-05-01 00:00:35,Greneta - Sebastopol,False,0 days 00:07:36,7.6,48.865242333228,2.3516669869423,0,Wednesday,False
2024-05-01 00:02:29,Mozart - Jasmin,True,0 days 00:05:42,5.7,48.85286124871689,2.268483570651513,0,Wednesday,False
2024-05-01 00:02:29,Batignolles - Rome,True,0 days 00:05:42,5.7,48.881823370566806,2.3202589899301524,0,Wednesday,False
2024-05-01 00:03:26,Pyrénées - Dagorno,True,0 days 00:04:45,4.75,48.855425770695085,2.405164316296577,0,Wednesday,False
2024-05-01 00:02:29,Saint-François-Xavier,False,0 days 00:05:42,5.7,48.85154484769,2.3146149516106,0,Wednesday,False
2024-05-01 00:06:17,Romainville - Vaillant-Couturier,True,0 days 00:01:54,1.9,48.86785,2.446748,0,Wednesday,False
2024-05-01 00:00:35,Place du Colonel Fabien,True,0 days 00:07:36,7.6,48.87756832086,2.3698791861534,0,Wednesday,False
2024-05-01 00:00:35,Lorraine - Jean Jaurès,True,0 days 00:07:36,7.6,48.8863865,2.3825772,0,Wednesday,False
2024-05-01 00:05:21,Jean Bleuzen - Square du 11 Novembre,False,0 days 00:02:50,2.8333333333333335,48.8232579,2.2965213,0,Wednesday,False
2024-05-01 00:00:35,Roquette - Auguste Laurent,True,0 days 00:07:36,7.6,48.85800190602336,2.381797702650783,0,Wednesday,False
2024-05-01 00:00:35,Victoire - Chaussée d'Antin,False,0 days 00:08:33,8.55,48.8750657910044,2.3316738009452824,0,Wednesday,False
2024-05-01 00:02:29,Parmentier - Fontaine au Roi,True,0 days 00:06:39,6.65,48.86787670551736,2.372705978671471,0,Wednesday,False
2024-05-01 00:06:17,Grenelle - Dr Finlay,False,0 days 00:02:51,2.85,48.851315406715976,2.291950285434724,0,Wednesday,False
2024-05-01 00:03:26,Pierret - Madrid,False,0 days 00:05:42,5.7,48.882976576876565,2.260125767248034,0,Wednesday,False
2024-05-01 00:02:29,Michelet - Assas,True,0 days 00:06:39,6.65,48.842741502832,2.3350211977959,0,Wednesday,False
2024-05-01 00:04:23,Rochechouart - Martyrs,True,0 days 00:04:45,4.75,48.882193779572,2.3405495658517,0,Wednesday,False
2024-05-01 00:03:26,Jean Jaurès - Salvador Allende,True,0 days 00:05:42,5.7,48.821475594736775,2.3026576638221745,0,Wednesday,False
2024-05-01 00:02:29,Saint-Séverin - Saint-Michel,True,0 days 00:06:39,6.65,48.852731305488,2.3440927639604,0,Wednesday,False
2024-05-01 00:01:32,Marseille - Beaurepaire,False,0 days 00:07:36,7.6,48.871624306962985,2.3639265082738348,0,Wednesday,False
2024-05-01 00:06:17,Raspail - Chomel,True,0 days 00:02:51,2.85,48.852233164303,2.3266580700874,0,Wednesday,False
2024-05-01 00:03:26,Roquette - Folie Regnault,False,0 days 00:05:42,5.7,48.859246959155485,2.386553623578705,0,Wednesday,False
2024-05-01 00:01:32,Porte de Pantin.,False,0 days 00:07:36,7.6,48.889199725577,2.3950181901455,0,Wednesday,False
2024-05-01 00:06:17,Saint-Didier - Raymond Poincaré,True,0 days 00:02:51,2.85,48.86642312020962,2.285863497192411,0,Wednesday,False
2024-05-01 00:00:35,Victoria - Place du Chatelet,False,0 days 00:08:33,8.55,48.857992591527,2.3469167947769,0,Wednesday,False
2024-05-01 00:05:21,Pierret - Madrid,False,0 days 00:03:47,3.783333333333333,48.882976576876565,2.260125767248034,0,Wednesday,False
2024-05-01 00:04:23,Charles de Gaulle - Madrid,False,0 days 00:04:45,4.75,48.884432270368,2.2608044743538,0,Wednesday,False
2024-05-01 00:04:23,Javel - André Citroën,False,0 days 00:04:45,4.75,48.846276485475,2.2786368057131767,0,Wednesday,False
2024-05-01 00:01:32,Octave Feuillet - Albéric Magnard,True,0 days 00:07:36,7.6,48.86106902949534,2.2730283066630363,0,Wednesday,False
2024-05-01 00:00:35,Saint-Marcel - Hôpital,True,0 days 00:08:33,8.55,48.83950442458303,2.360989417022932,0,Wednesday,False
2024-05-01 00:06:17,Ruisseau - Ordener,True,0 days 00:03:49,3.816666666666667,48.89299462568024,2.340144887566567,0,Wednesday,False
2024-05-01 00:03:26,Dugommier,True,0 days 00:06:40,6.666666666666667,48.838811048815,2.3896577954292,0,Wednesday,False
2024-05-01 00:03:26,Buffon - Jardin des Plantes,False,0 days 00:06:40,6.666666666666667,48.84266846610488,2.3618587106466293,0,Wednesday,False
2024-05-01 00:01:32,Place Pigalle,False,0 days 00:08:34,8.566666666666666,48.8827555,2.3361566,0,Wednesday,False
2024-05-01 00:06:17,Saint-Jacques - Soufflot,False,0 days 00:03:49,3.816666666666667,48.846280383395,2.3430785379567,0,Wednesday,False
2024-05-01 00:06:17,Richard Lenoir - Voltaire,False,0 days 00:03:49,3.816666666666667,48.86164273878,2.3727491497993,0,Wednesday,False
2024-05-01 00:04:23,Montmartre - Etienne Marcel,False,0 days 00:05:43,5.716666666666667,48.86502194581,2.3450684401448,0,Wednesday,False
2024-05-01 00:02:29,Petites Ecuries - Faubourg Saint-Denis,True,0 days 00:07:37,7.616666666666666,48.87287120589831,2.35421508550644,0,Wednesday,False
2024-05-01 00:00:35,Reuilly - Place Felix Eboue,False,0 days 00:09:31,9.516666666666667,48.84030274499962,2.394630398715453,0,Wednesday,False
2024-05-01 00:03:26,Place de la Porte de Châtillon,False,0 days 00:06:40,6.666666666666667,48.8242469,2.3186306,0,Wednesday,False
2024-05-01 00:05:21,Boétie - Ponthieu,False,0 days 00:04:45,4.75,48.871417284355,2.3076787590981,0,Wednesday,False
2024-05-01 00:06:17,Fernand Braudel - Vincent Auriol ,False,0 days 00:03:49,3.816666666666667,48.83637852318147,2.3723404482007027,0,Wednesday,False
2024-05-01 00:01:32,Didot - Mariniers,True,0 days 00:08:34,8.566666666666666,48.82650543613106,2.313136198271666,0,Wednesday,False
2024-05-01 00:02:29,Bois de Vincennes - Gare,True,0 days 00:07:37,7.616666666666666,48.83602224288688,2.4708339950830287,0,Wednesday,False
2024-05-01 00:02:29,Square Simon Bolivar,True,0 days 00:07:37,7.616666666666666,48.8750898883217,2.382630407810212,0,Wednesday,False
2024-05-01 00:05:21,Bruneseau - Quai d'Ivry,True,0 days 00:04:45,4.75,48.82494563758295,2.388566136360169,0,Wednesday,False
2024-05-01 00:00:35,Saint-Marc - Feydeau,False,0 days 00:09:31,9.516666666666667,48.870310661422,2.3419791832566,0,Wednesday,False
2024-05-01 00:08:11,Anatole France - Jean Lolive,True,0 days 00:01:55,1.9166666666666667,48.8949922,2.4253764,0,Wednesday,False
2024-05-01 00:02:29,Grand Prieuré - Crussol,False,0 days 00:07:37,7.616666666666666,48.864660627935,2.3692265531829,0,Wednesday,False
2024-05-01 00:03:26,Sommerard - Saint-Jacques,False,0 days 00:06:40,6.666666666666667,48.85031043292447,2.345015835298588,0,Wednesday,False
2024-05-01 00:03:26,Avenir,True,0 days 00:06:40,6.666666666666667,48.8103438,2.3003776,0,Wednesday,False
2024-05-01 00:02:29,Château de Vincennes,True,0 days 00:07:37,7.616666666666666,48.84423193255657,2.439209537709179,0,Wednesday,False
2024-05-01 00:03:26,Gare de l'Est - Faubourg-Saint-Martin,True,0 days 00:06:40,6.666666666666667,48.875642647477,2.3594588041306,0,Wednesday,False
2024-05-01 00:00:35,Bourdonnais - Tour Eiffel,True,0 days 00:09:31,9.516666666666667,48.860897797941,2.295599598447,0,Wednesday,False
2024-05-01 00:00:35,Esplanade du Foncet - Camille Desmoulins,False,0 days 00:09:31,9.516666666666667,48.82709023349496,2.2606857866048813,0,Wednesday,False
2024-05-01 00:02:29,Saint-Maur - Roquette,True,0 days 00:07:37,7.616666666666666,48.85868877406296,2.383553994571467,0,Wednesday,False
2024-05-01 00:00:35,Cambronne - Villa Croix Nivert,True,0 days 00:09:31,9.516666666666667,48.845847561366,2.3017574474216,0,Wednesday,False
2024-05-01 00:02:29,Schoelcher - Raspail,False,0 days 00:07:37,7.616666666666666,48.83681733526843,2.3312794080411474,0,Wednesday,False
2024-05-01 00:02:29,Eglise d'Auteuil,True,0 days 00:07:37,7.616666666666666,48.84749841771691,2.26848387135299,0,Wednesday,False
2024-05-01 00:06:17,Faubourg St-Antoine - Place de la Nation,False,0 days 00:03:49,3.816666666666667,48.8487726,2.393606,0,Wednesday,False
2024-05-01 00:00:35,Gare de l'Est - Chateau Landon,True,0 days 00:09:31,9.516666666666667,48.879305,2.362424,0,Wednesday,False
2024-05-01 00:04:23,Grand Prieuré - Crussol,False,0 days 00:05:43,5.716666666666667,48.864660627935,2.3692265531829,0,Wednesday,False
2024-05-01 00:04:23,Porte de Versailles,False,0 days 00:05:43,5.716666666666667,48.832324016657,2.2875617349045,0,Wednesday,False
2024-05-01 00:06:17,Buffon - Jardin des Plantes,True,0 days 00:03:49,3.816666666666667,48.84266846610488,2.3618587106466293,0,Wednesday,False
2024-05-01 00:02:29,Place Mireille Havet,False,0 days 00:07:37,7.616666666666666,48.850533,2.383756,0,Wednesday,False
2024-05-01 00:06:17,Gare d'Argenteuil,True,0 days 00:03:49,3.816666666666667,48.94702243680671,2.256898172199726,0,Wednesday,False
2024-05-01 00:00:35,Petites Ecuries - Faubourg Saint-Denis,True,0 days 00:09:31,9.516666666666667,48.87287120589831,2.35421508550644,0,Wednesday,False
2024-05-01 00:02:29,Institut du Monde Arabe - Saint-Germain,True,0 days 00:07:37,7.616666666666666,48.849063299501,2.3558086529374,0,Wednesday,False
2024-05-01 00:06:17,Saint-Jacques - Val de Grâce,True,0 days 00:03:49,3.816666666666667,48.8417514,2.3413893,0,Wednesday,False
2024-05-01 00:03:26,Maine - Jean Zay,True,0 days 00:06:40,6.666666666666667,48.837925263898,2.3225428909063,0,Wednesday,False
2024-05-01 00:01:32,Gare de Clichy-Levallois ,False,0 days 00:08:34,8.566666666666666,48.89679827481989,2.2984680533409123,0,Wednesday,False
2024-05-01 00:06:17,Thouin - Cardinal Lemoine,True,0 days 00:04:46,4.766666666666667,48.84504716661511,2.3494647851273465,0,Wednesday,False
2024-05-01 00:00:35,Brochant - Square des Batignolles ,True,0 days 00:10:28,10.466666666666667,48.88818698581028,2.316861143151153,0,Wednesday,False
2024-05-01 00:04:23,Rocher - Laborde,False,0 days 00:06:40,6.666666666666667,48.87590240712654,2.322616316378116,0,Wednesday,False
2024-05-01 00:05:21,Place Jules Ferry,False,0 days 00:05:42,5.7,48.812107928414775,2.325837314128876,0,Wednesday,False
2024-05-01 00:02:29,Grand Prieuré - Crussol,False,0 days 00:08:34,8.566666666666666,48.864660627935,2.3692265531829,0,Wednesday,False
2024-05-01 00:00:35,Victor Cresson - Telles de la Poterie,False,0 days 00:10:28,10.466666666666667,48.822698842979,2.2686498274964,0,Wednesday,False
2024-05-01 00:00:35,BNF - Bibliothèque Nationale de France,False,0 days 00:10:28,10.466666666666667,48.8350268238,2.3760157451034,0,Wednesday,False
2024-05-01 00:02:29,Metz - Faubourg Saint-Denis,True,0 days 00:08:34,8.566666666666666,48.870893,2.353521,0,Wednesday,False
2024-05-01 00:05:21,Pyrénées - Emmery,False,0 days 00:05:42,5.7,48.872010281270974,2.392039597034455,0,Wednesday,False
2024-05-01 00:00:35,Ouest - Château ,True,0 days 00:10:28,10.466666666666667,48.83617286014242,2.319392143923804,0,Wednesday,False
2024-05-01 00:05:21,Institut du Monde Arabe - Saint-Germain,False,0 days 00:05:42,5.7,48.849063299501,2.3558086529374,0,Wednesday,False
2024-05-01 00:07:14,Douai - Bruxelles,True,0 days 00:03:49,3.816666666666667,48.88320784122797,2.3308449949028507,0,Wednesday,False
2024-05-01 00:05:21,Grande Truanderie - Saint-Denis,False,0 days 00:05:42,5.7,48.8626302,2.3498075,0,Wednesday,False
2024-05-01 00:00:35,Parmentier - République,True,0 days 00:10:28,10.466666666666667,48.8644954,2.3750124,0,Wednesday,False
2024-05-01 00:00:35,Gare de l'Est - Fidélité,True,0 days 00:10:28,10.466666666666667,48.874575,2.356796,0,Wednesday,False
2024-05-01 00:06:17,Ménilmontant - Père Lachaise,True,0 days 00:04:46,4.766666666666667,48.863287291502,2.3869940266013,0,Wednesday,False
2024-05-01 00:00:35,Montreuil - République,True,0 days 00:10:28,10.466666666666667,48.85026349463687,2.434520423412323,0,Wednesday,False
2024-05-01 00:08:11,Faustin Hélie - Desbordes-Valmore,True,0 days 00:02:52,2.8666666666666667,48.859403,2.276522,0,Wednesday,False
2024-05-01 00:02:29,Ouest - Château ,True,0 days 00:08:34,8.566666666666666,48.83617286014242,2.319392143923804,0,Wednesday,False
2024-05-01 00:05:21,Francoeur - Caulaincourt,True,0 days 00:05:42,5.7,48.8899944409612,2.342529706656933,0,Wednesday,False
2024-05-01 00:00:35,Place de l'Édit de Nantes,True,0 days 00:10:28,10.466666666666667,48.88879,2.3785,0,Wednesday,False
2024-05-01 00:09:08,Departement - Pajol,True,0 days 00:01:55,1.9166666666666667,48.88667484973018,2.3613611608743668,0,Wednesday,False
2024-05-01 00:01:32,Custine - Ramey,True,0 days 00:09:31,9.516666666666667,48.888735896947,2.3469526693225,0,Wednesday,False
2024-05-01 00:06:17,Place Mireille Havet,True,0 days 00:04:46,4.766666666666667,48.850533,2.383756,0,Wednesday,False
2024-05-01 00:02:29,Decrès - Alésia,False,0 days 00:08:34,8.566666666666666,48.832200060759,2.3139070151575,0,Wednesday,False
2024-05-01 00:04:23,Jardin de l'Hospice Debrousse,True,0 days 00:06:40,6.666666666666667,48.861451061938,2.40568600595,0,Wednesday,False
2024-05-01 00:09:08,Pierre Brossolette - Adolphe Pinard,True,0 days 00:01:55,1.9166666666666667,48.82177227954821,2.313155829906464,0,Wednesday,False
2024-05-01 00:04:23,Montreuil - Voltaire,False,0 days 00:06:40,6.666666666666667,48.850507011842,2.3930755582745,0,Wednesday,False
2024-05-01 00:05:21,Galilée - Kléber,True,0 days 00:05:42,5.7,48.86741186571367,2.290781380114821,0,Wednesday,False
2024-05-01 00:08:11,Choron - Martyrs,True,0 days 00:02:52,2.8666666666666667,48.877851443502536,2.3396701365709305,0,Wednesday,False
2024-05-01 00:08:11,Jean Bleuzen - Square du 11 Novembre,True,0 days 00:02:52,2.8666666666666667,48.8232579,2.2965213,0,Wednesday,False
2024-05-01 00:02:29,Louis Pasteur - Albert Petit,True,0 days 00:08:34,8.566666666666666,48.796261,2.317289,0,Wednesday,False
2024-05-01 00:00:35,Place Jean-Spire-Lemaître,True,0 days 00:10:28,10.466666666666667,48.8468428626593,2.452062070369721,0,Wednesday,False
2024-05-01 00:03:26,Gare RER de Vincennes,False,0 days 00:08:34,8.566666666666666,48.847563015126106,2.433383166790009,0,Wednesday,False
2024-05-01 00:00:35,Sainte-Elisabeth - Turbigo,True,0 days 00:11:25,11.416666666666666,48.86610337431042,2.359649240970612,0,Wednesday,False
2024-05-01 00:09:08,Bobillot - Paulin Mery,False,0 days 00:02:52,2.8666666666666667,48.82989984174738,2.3543356766748507,0,Wednesday,False
2024-05-01 00:05:21,Saint-Maur - République,True,0 days 00:06:39,6.65,48.864185861455,2.3783174157143,0,Wednesday,False
2024-05-01 00:06:17,Square du Théâtre du Garde-Chasse,True,0 days 00:05:43,5.716666666666667,48.881287375060616,2.420119643211365,0,Wednesday,False
2024-05-01 00:02:29,Arago - Glacière,False,0 days 00:09:31,9.516666666666667,48.83486054775774,2.3445770524322067,0,Wednesday,False
2024-05-01 00:08:11,Saint-Mande - Picpus,True,0 days 00:03:49,3.816666666666667,48.845127728278,2.4015686296482,0,Wednesday,False
2024-05-01 00:02:29,Indre - Prairies,True,0 days 00:09:31,9.516666666666667,48.86254398506782,2.403290458023548,0,Wednesday,False
2024-05-01 00:06:17,Place Ginette Hamelin,True,0 days 00:05:43,5.716666666666667,48.837853,2.382064,0,Wednesday,False
2024-05-01 00:06:17,Jean-Baptiste Pigalle - La Bruyere,False,0 days 00:05:43,5.716666666666667,48.87939826447722,2.333709173337285,0,Wednesday,False
2024-05-01 00:02:29,Sorbier - Ménilmontant,True,0 days 00:09:31,9.516666666666667,48.86854239566069,2.389772124588489,0,Wednesday,False
2024-05-01 00:02:29,Cloître Saint-Merri - Renard,False,0 days 00:09:31,9.516666666666667,48.858835448898,2.3518279194832,0,Wednesday,False
2024-05-01 00:03:26,Mozart - Jasmin,True,0 days 00:08:34,8.566666666666666,48.85286124871689,2.268483570651513,0,Wednesday,False
2024-05-01 00:05:21,Duméril - Jeanne d'Arc,True,0 days 00:06:39,6.65,48.83815160808658,2.357108449556404,0,Wednesday,False
2024-05-01 00:00:35,Batignolles - Beudant,True,0 days 00:11:25,11.416666666666666,48.88216401466375,2.319852970540523,0,Wednesday,False
2024-05-01 00:02:29,Arago - Glacière,False,0 days 00:09:31,9.516666666666667,48.83486054775774,2.3445770524322067,0,Wednesday,False
2024-05-01 00:08:11,Jean Calvin - Tournefort,False,0 days 00:03:49,3.816666666666667,48.84158856925782,2.348489575088024,0,Wednesday,False
2024-05-01 00:00:35,Saint-Lazare - Place d'Estienne d'Orves,True,0 days 00:11:25,11.416666666666666,48.8768345,2.3329067,0,Wednesday,False
2024-05-01 00:03:26,Place Pigalle,True,0 days 00:08:34,8.566666666666666,48.8827555,2.3361566,0,Wednesday,False
2024-05-01 00:08:11,Stalingrad - Barbara,True,0 days 00:03:49,3.816666666666667,48.809223658808,2.3175904558822,0,Wednesday,False
2024-05-01 00:05:21,Bastille - Quai de la Rapée,True,0 days 00:06:39,6.65,48.84682410855,2.3669364675879,0,Wednesday,False
2024-05-01 00:02:29,Théâtre - Lourmel,True,0 days 00:09:31,9.516666666666667,48.8482070397636,2.2898658737540245,0,Wednesday,False
2024-05-01 00:06:17,Crozatier - Faubourg Saint-Antoine,False,0 days 00:05:43,5.716666666666667,48.850440013405,2.378901366211,0,Wednesday,False
2024-05-01 00:00:35,Place de la Reine Astrid,False,0 days 00:12:22,12.366666666666667,48.864920982538,2.3025491823859,0,Wednesday,False
2024-05-01 00:07:14,Paul Barruel - Vaugirard,False,0 days 00:05:43,5.716666666666667,48.84014918546239,2.3044332861900334,0,Wednesday,False
2024-05-01 00:01:32,BNF - Bibliothèque Nationale de France,False,0 days 00:11:25,11.416666666666666,48.8350268238,2.3760157451034,0,Wednesday,False
2024-05-01 00:05:21,Clichy - Douai,True,0 days 00:07:36,7.6,48.883687771522,2.328063700029,0,Wednesday,False
2024-05-01 00:07:14,Square Pierre Lazareff,True,0 days 00:05:43,5.716666666666667,48.867141720746,2.3483933508396,0,Wednesday,False
2024-05-01 00:06:17,Epée de Bois - Mouffetard,True,0 days 00:06:40,6.666666666666667,48.84150869038884,2.350066713988781,0,Wednesday,False
2024-05-01 00:02:29,Indre - Prairies,True,0 days 00:10:28,10.466666666666667,48.86254398506782,2.403290458023548,0,Wednesday,False
2024-05-01 00:05:21,Cossonnerie - Sébastopol,False,0 days 00:07:36,7.6,48.86132665908402,2.349419631063938,0,Wednesday,False
2024-05-01 00:08:11,Place d'Italie - Vincent Auriol,False,0 days 00:04:46,4.766666666666667,48.831481874467,2.3567550292319,0,Wednesday,False
2024-05-01 00:06:17,Gare Montparnasse - Vaugirard,False,0 days 00:06:40,6.666666666666667,48.8418071798797,2.31951002690117,0,Wednesday,False
2024-05-01 00:08:11,Parmentier - République,True,0 days 00:04:46,4.766666666666667,48.8644954,2.3750124,0,Wednesday,False
2024-05-01 00:06:17,Jonquière - Docteur Paul Brousse,False,0 days 00:06:40,6.666666666666667,48.89479981668399,2.318705212173216,0,Wednesday,False
2024-05-01 00:01:32,BNF - Bibliothèque Nationale de France,False,0 days 00:11:25,11.416666666666666,48.8350268238,2.3760157451034,0,Wednesday,False
2024-05-01 00:07:14,Gérando - Rochechouart,False,0 days 00:05:43,5.716666666666667,48.88294340845,2.3464846238494,0,Wednesday,False
2024-05-01 00:00:35,Didot - Mariniers,False,0 days 00:12:22,12.366666666666667,48.82650543613106,2.313136198271666,0,Wednesday,False
2024-05-01 00:00:35,BNF - Bibliothèque Nationale de France,False,0 days 00:12:22,12.366666666666667,48.8350268238,2.3760157451034,0,Wednesday,False
2024-05-01 00:09:08,Cadet - La Fayette,False,0 days 00:03:49,3.816666666666667,48.875601632672,2.3435704037547,0,Wednesday,False
2024-05-01 00:06:17,Parmentier - République,False,0 days 00:06:40,6.666666666666667,48.8644954,2.3750124,0,Wednesday,False
2024-05-01 00:04:23,Botzaris - Parc des Buttes Chaumont,True,0 days 00:08:34,8.566666666666666,48.877951,2.381464,0,Wednesday,False
2024-05-01 00:00:35,Mairie du 10ème,False,0 days 00:12:22,12.366666666666667,48.872089449907,2.3575825989246,0,Wednesday,False
2024-05-01 00:09:08,Parvis Corentin Celton,True,0 days 00:03:49,3.816666666666667,48.82747252522725,2.2784319519996648,0,Wednesday,False
2024-05-01 00:00:35,BNF - Bibliothèque Nationale de France,False,0 days 00:12:22,12.366666666666667,48.8350268238,2.3760157451034,0,Wednesday,False
2024-05-01 00:02:29,Tiron - Rivoli,False,0 days 00:10:28,10.466666666666667,48.855692253233,2.3579058051109,0,Wednesday,False
2024-05-01 00:07:14,Place d'Italie - Soeur Rosalie,False,0 days 00:05:43,5.716666666666667,48.831908520394,2.3546943448098,0,Wednesday,False
2024-05-01 00:05:21,Saint-Lazare - Place d'Estienne d'Orves,False,0 days 00:07:36,7.6,48.8768345,2.3329067,0,Wednesday,False
2024-05-01 00:09:08,Richard Lenoir - Place de la Bastille,False,0 days 00:03:49,3.816666666666667,48.8538327,2.3697222,0,Wednesday,False
2024-05-01 00:05:21,Jourdain - Place des Grandes Rigoles,True,0 days 00:07:36,7.6,48.87403113727167,2.38959476351738,0,Wednesday,False
2024-05-01 00:05:21,Gare Montparnasse - Arrivée,False,0 days 00:07:36,7.6,48.843827994315,2.3225811123848,0,Wednesday,False
2024-05-01 00:07:14,Quai de la Seine,True,0 days 00:05:43,5.716666666666667,48.884492238407525,2.370394170284272,0,Wednesday,False
2024-05-01 00:02:29,Mairie du 16ème,False,0 days 00:10:28,10.466666666666667,48.863936848472,2.2765953093767166,0,Wednesday,False
2024-05-01 00:04:23,Le Goff - Gay-Lussac,False,0 days 00:08:34,8.566666666666666,48.8461024009786,2.3412207886576653,0,Wednesday,False
2024-05-01 00:00:35,Claude Vellefaux - Hôpital Saint-Louis,True,0 days 00:12:22,12.366666666666667,48.872859139003,2.3700717069851,0,Wednesday,False
2024-05-01 00:08:11,Ambroise Rendu - Porte Brunet,True,0 days 00:04:46,4.766666666666667,48.883667,2.395733,0,Wednesday,False
2024-05-01 00:03:26,Grand Prieuré - Crussol,True,0 days 00:09:31,9.516666666666667,48.864660627935,2.3692265531829,0,Wednesday,False
2024-05-01 00:08:11,Place Marcel Sembat,False,0 days 00:04:46,4.766666666666667,48.83328865030686,2.2441747784614567,0,Wednesday,False
2024-05-01 00:06:17,Place de l'Édit de Nantes,False,0 days 00:06:40,6.666666666666667,48.88879,2.3785,0,Wednesday,False
2024-05-01 00:10:06,Cadet - La Fayette,False,0 days 00:02:51,2.85,48.875601632672,2.3435704037547,0,Wednesday,False
2024-05-01 00:05:21,Exelmans - Versailles,False,0 days 00:07:36,7.6,48.84097491091973,2.264390252530575,0,Wednesday,False
2024-05-01 00:06:17,Charenton - Place du Col Bourgoin,False,0 days 00:06:40,6.666666666666667,48.844867319554,2.3825789350545,0,Wednesday,False
2024-05-01 00:03:26,Square Saint-Ambroise,False,0 days 00:10:28,10.466666666666667,48.860934,2.375841,0,Wednesday,False
2024-05-01 00:09:08,Magenta - Chabrol,False,0 days 00:04:46,4.766666666666667,48.876495350882,2.3560990020633,0,Wednesday,False
2024-05-01 00:09:08,Jourdan - Cité Universitaire,False,0 days 00:04:46,4.766666666666667,48.81989734315667,2.339700796412437,0,Wednesday,False
2024-05-01 00:00:35,Jules Vallès - Charonne,False,0 days 00:13:19,13.316666666666666,48.85428437993525,2.384767457842827,0,Wednesday,False
2024-05-01 00:02:29,Village Saint-Paul,False,0 days 00:11:25,11.416666666666666,48.852639866624806,2.3607301712036137,0,Wednesday,False
2024-05-01 00:02:29,Gare RER de Vincennes,False,0 days 00:11:25,11.416666666666666,48.847563015126106,2.433383166790009,0,Wednesday,False
2024-05-01 00:03:26,Cléry - Montmartre,True,0 days 00:10:28,10.466666666666667,48.867458,2.3445211,0,Wednesday,False
2024-05-01 00:07:14,Roquette - Thiéré,False,0 days 00:06:40,6.666666666666667,48.85507930579506,2.3733686318721463,0,Wednesday,False
2024-05-01 00:08:11,Jean-Baptiste Pigalle - La Bruyere,True,0 days 00:05:43,5.716666666666667,48.87939826447722,2.333709173337285,0,Wednesday,False
2024-05-01 00:06:17,Place de la Montagne du Goulet,False,0 days 00:07:37,7.616666666666666,48.8443415,2.2773844,0,Wednesday,False
2024-05-01 00:09:08,Berthier - Porte de Clichy,False,0 days 00:04:46,4.766666666666667,48.894222687781,2.3125872006816,0,Wednesday,False
2024-05-01 00:08:11,Maine - Jean Zay,True,0 days 00:05:43,5.716666666666667,48.837925263898,2.3225428909063,0,Wednesday,False
2024-05-01 00:08:11,Fessart - Château,False,0 days 00:05:43,5.716666666666667,48.84245,2.23989,0,Wednesday,False
2024-05-01 00:07:14,Ouest - Château ,False,0 days 00:06:40,6.666666666666667,48.83617286014242,2.319392143923804,0,Wednesday,False
2024-05-01 00:06:17,Goutte d'or - Barbès,False,0 days 00:07:37,7.616666666666666,48.885124323627,2.3496962338686,0,Wednesday,False
2024-05-01 00:07:14,Quai de la Seine,True,0 days 00:06:40,6.666666666666667,48.884492238407525,2.370394170284272,0,Wednesday,False
2024-05-01 00:11:03,Pergolèse - Malakoff,False,0 days 00:02:51,2.85,48.87521088779225,2.284278161823749,0,Wednesday,False
2024-05-01 00:05:21,Enghien - Faubourg Poissonnière,True,0 days 00:08:33,8.55,48.872420063053,2.3483952362828,0,Wednesday,False
2024-05-01 00:06:17,Jules Guesdes - Général de Gaulle,True,0 days 00:07:37,7.616666666666666,48.81930581291959,2.278934195637703,0,Wednesday,False
2024-05-01 00:06:17,Saint-Jacques - Val de Grâce,True,0 days 00:07:37,7.616666666666666,48.8417514,2.3413893,0,Wednesday,False
2024-05-01 00:09:08,Ecoles - Carmes,True,0 days 00:04:46,4.766666666666667,48.848904447989405,2.3473486304283147,0,Wednesday,False
2024-05-01 00:09:08,Place Etienne Pernet,False,0 days 00:04:46,4.766666666666667,48.84243457133779,2.2921819612383847,0,Wednesday,False
2024-05-01 00:09:08,Les Halles - Saint-Eustache,False,0 days 00:05:43,5.716666666666667,48.86362695901683,2.342623919248581,0,Wednesday,False
2024-05-01 00:02:29,Grand Prieuré - Crussol,True,0 days 00:12:22,12.366666666666667,48.864660627935,2.3692265531829,0,Wednesday,False
2024-05-01 00:04:23,Pont Neuf - Rivoli,False,0 days 00:10:28,10.466666666666667,48.860089892617,2.344057559967,0,Wednesday,False
2024-05-01 00:04:23,Place d'Italie - Soeur Rosalie,True,0 days 00:10:28,10.466666666666667,48.831908520394,2.3546943448098,0,Wednesday,False
2024-05-01 00:03:26,Tardieu - Chappe,True,0 days 00:11:25,11.416666666666666,48.884146759782,2.341845408082,0,Wednesday,False
2024-05-01 00:08:11,Regard - Rennes,True,0 days 00:06:40,6.666666666666667,48.847385404956,2.3268555477262,0,Wednesday,False
2024-05-01 00:06:17,Emile Blemont - Poteau,False,0 days 00:08:34,8.566666666666666,48.8943782,2.3415122,0,Wednesday,False
2024-05-01 00:08:11,Cambronne - Villa Croix Nivert,False,0 days 00:06:40,6.666666666666667,48.845847561366,2.3017574474216,0,Wednesday,False
2024-05-01 00:05:21,Gare de l'Est - Fidélité,False,0 days 00:09:30,9.5,48.874575,2.356796,0,Wednesday,False
2024-05-01 00:03:26,Saint-Vincent - Verdun,True,0 days 00:11:25,11.416666666666666,48.819211549234495,2.254007756710053,0,Wednesday,False
2024-05-01 00:10:06,Place d'Italie - Vincent Auriol,False,0 days 00:04:45,4.75,48.831481874467,2.3567550292319,0,Wednesday,False
2024-05-01 00:00:35,Tanger - Place du Maroc,True,0 days 00:14:16,14.266666666666667,48.8862524447104,2.3689296841621403,0,Wednesday,False
2024-05-01 00:09:08,Anatole France - President Roosevelt,True,0 days 00:05:43,5.716666666666667,48.9155156,2.3814103,0,Wednesday,False
2024-05-01 00:06:17,Gambetta - Saint Fargeau,True,0 days 00:08:34,8.566666666666666,48.871244610447015,2.40390568971634,0,Wednesday,False
2024-05-01 00:06:17,Strasbourg - Saint-Denis,False,0 days 00:08:34,8.566666666666666,48.869601642433,2.3542908579111,0,Wednesday,False
2024-05-01 00:04:23,Aboukir - Alexandrie,True,0 days 00:10:28,10.466666666666667,48.86868344444473,2.3502043269474897,0,Wednesday,False
2024-05-01 00:10:06,Place de la Porte de Champeret,True,0 days 00:04:45,4.75,48.886062068226,2.2917001576821,0,Wednesday,False
2024-05-01 00:05:21,Victor Massé - Jean-Baptiste Pigalle,False,0 days 00:09:30,9.5,48.8811043724,2.3366955667734,0,Wednesday,False
2024-05-01 00:03:26,Paul Barruel - Vaugirard,True,0 days 00:11:25,11.416666666666666,48.84014918546239,2.3044332861900334,0,Wednesday,False
2024-05-01 00:05:21,Victor Massé - Jean-Baptiste Pigalle,True,0 days 00:09:30,9.5,48.8811043724,2.3366955667734,0,Wednesday,False
2024-05-01 00:03:26,Square Saint-Ambroise,False,0 days 00:11:25,11.416666666666666,48.860934,2.375841,0,Wednesday,False
2024-05-01 00:00:35,Square Emile - Chautemps,False,0 days 00:14:16,14.266666666666667,48.867433724231,2.3536357283592,0,Wednesday,False
2024-05-01 00:09:08,LCL Campus - Place Oscar Niemeyer,True,0 days 00:05:43,5.716666666666667,48.805342480621576,2.363983690738678,0,Wednesday,False
2024-05-01 00:04:23,Parc André Citroën,False,0 days 00:10:28,10.466666666666667,48.840639944296655,2.2780618071556096,0,Wednesday,False
2024-05-01 00:00:35,Richard Lenoir - Voltaire,False,0 days 00:14:16,14.266666666666667,48.86164273878,2.3727491497993,0,Wednesday,False
2024-05-01 00:05:21,Dominique Pado - Croix Nivert,True,0 days 00:09:30,9.5,48.83648798164934,2.289725057780742,0,Wednesday,False
2024-05-01 00:05:21,Maxime Gorki - Louis Aragon,False,0 days 00:09:30,9.5,48.78909814728443,2.368387877941132,0,Wednesday,False
2024-05-01 00:09:08,Fabre d'Eglantine - Place de la Nation,True,0 days 00:05:43,5.716666666666667,48.8471116,2.3956204,0,Wednesday,False
2024-05-01 00:02:29,Guy Môquet - Compoint,True,0 days 00:12:22,12.366666666666667,48.89213559044868,2.32321947813034,0,Wednesday,False
2024-05-01 00:08:11,Chabrol - d'Hauteville,False,0 days 00:06:40,6.666666666666667,48.87701838803332,2.3513179644942284,0,Wednesday,False
2024-05-01 00:01:32,Bourse du Travail,True,0 days 00:13:19,13.316666666666666,48.868976638826,2.3623438552022,0,Wednesday,False
2024-05-01 00:06:17,Guy Môquet - Saint-Ouen,True,0 days 00:08:34,8.566666666666666,48.892777719023975,2.3270335793495183,0,Wednesday,False
2024-05-01 00:04:23,Parmentier - Abel Rabaud,True,0 days 00:10:28,10.466666666666667,48.86921273836114,2.371688821240712,0,Wednesday,False
2024-05-01 00:00:35,Saint-Maur - Roquette,True,0 days 00:14:16,14.266666666666667,48.85868877406296,2.383553994571467,0,Wednesday,False
2024-05-01 00:09:08,Théâtre - Lourmel,True,0 days 00:05:43,5.716666666666667,48.8482070397636,2.2898658737540245,0,Wednesday,False
2024-05-01 00:03:26,Gergovie - Alésia,False,0 days 00:11:25,11.416666666666666,48.83088717455243,2.318882101207347,0,Wednesday,False
2024-05-01 00:06:17,Saint-Vincent - Verdun,True,0 days 00:08:34,8.566666666666666,48.819211549234495,2.254007756710053,0,Wednesday,False
2024-05-01 00:10:06,Saint-Denis - Rivoli,False,0 days 00:04:45,4.75,48.859059340842,2.3476943001151,0,Wednesday,False
2024-05-01 00:08:11,Place Tony de Graaff,True,0 days 00:06:40,6.666666666666667,48.8181645,2.2458109,0,Wednesday,False
2024-05-01 00:08:11,Cadix - Hameau,True,0 days 00:06:40,6.666666666666667,48.8340107632249,2.289516180753708,0,Wednesday,False
2024-05-01 00:04:23,Parmentier - République,True,0 days 00:10:28,10.466666666666667,48.8644954,2.3750124,0,Wednesday,False
2024-05-01 00:08:11,Petites Ecuries - Faubourg Saint-Denis,True,0 days 00:07:37,7.616666666666666,48.87287120589831,2.35421508550644,0,Wednesday,False
2024-05-01 00:06:17,Saint-Maur - République,False,0 days 00:09:31,9.516666666666667,48.864185861455,2.3783174157143,0,Wednesday,False
2024-05-01 00:08:11,Place Pigalle,False,0 days 00:07:37,7.616666666666666,48.8827555,2.3361566,0,Wednesday,False
2024-05-01 00:07:14,Saint-Mande - Picpus,False,0 days 00:08:34,8.566666666666666,48.845127728278,2.4015686296482,0,Wednesday,False
2024-05-01 00:12:00,Place Edmond Michelet,False,0 days 00:03:48,3.8,48.860134890542,2.3500636965036,0,Wednesday,False
2024-05-01 00:11:03,Grand Prieuré - Crussol,False,0 days 00:04:45,4.75,48.864660627935,2.3692265531829,0,Wednesday,False
2024-05-01 00:09:08,Petites Ecuries - Faubourg Poissonnière,False,0 days 00:06:40,6.666666666666667,48.87397217237368,2.348388757504776,0,Wednesday,False
2024-05-01 00:09:08,Place Pasdeloup,False,0 days 00:06:40,6.666666666666667,48.862654215631,2.3670325062844,0,Wednesday,False
2024-05-01 00:00:35,Paradis - Hauteville,False,0 days 00:15:13,15.216666666666667,48.87499995466676,2.3522757401923404,0,Wednesday,False
2024-05-01 00:02:29,Cours de l'Ile Seguin - Parc Billancourt,False,0 days 00:13:19,13.316666666666666,48.82714055843935,2.234234511852265,0,Wednesday,False
2024-05-01 00:12:00,Parmentier - Abel Rabaud,True,0 days 00:03:48,3.8,48.86921273836114,2.371688821240712,0,Wednesday,False
2024-05-01 00:03:26,Square du Bataclan,True,0 days 00:12:22,12.366666666666667,48.8633762,2.3711327,0,Wednesday,False
2024-05-01 00:03:26,Dominique Pado - Croix Nivert,False,0 days 00:12:22,12.366666666666667,48.83648798164934,2.289725057780742,0,Wednesday,False
2024-05-01 00:06:17,Quai de la Seine,True,0 days 00:09:31,9.516666666666667,48.884492238407525,2.370394170284272,0,Wednesday,False
2024-05-01 00:11:03,Parmentier - Fontaine au Roi,True,0 days 00:04:45,4.75,48.86787670551736,2.372705978671471,0,Wednesday,False
2024-05-01 00:00:35,Mac-Mahon - Brey,True,0 days 00:15:13,15.216666666666667,48.877532084130166,2.294512536052928,0,Wednesday,False
2024-05-01 00:10:06,Rossini - Laffitte,True,0 days 00:05:42,5.7,48.87334627510507,2.337980867701675,0,Wednesday,False
2024-05-01 00:12:00,Cléry - Montmartre,True,0 days 00:03:48,3.8,48.867458,2.3445211,0,Wednesday,False
2024-05-01 00:03:26,Flandre - Alphonse Karr,True,0 days 00:12:22,12.366666666666667,48.89465,2.381868,0,Wednesday,False
2024-05-01 00:00:35,Italie - Jardin Joan Miro,True,0 days 00:15:13,15.216666666666667,48.81990914045756,2.35929485410452,0,Wednesday,False
2024-05-01 00:06:17,André Mazet - Saint-André des Arts,False,0 days 00:09:31,9.516666666666667,48.85375581057431,2.3390958085656166,0,Wednesday,False
2024-05-01 00:07:14,Porte d'Auteuil,True,0 days 00:08:34,8.566666666666666,48.8479394142243,2.2608396783471107,0,Wednesday,False
2024-05-01 00:03:26,Neuve Saint-Pierre - Beautreillis,False,0 days 00:12:22,12.366666666666667,48.85355351439652,2.3639122769236565,0,Wednesday,False
2024-05-01 00:05:21,Alibert - Jemmapes,True,0 days 00:10:27,10.45,48.871044051984,2.3661044619878,0,Wednesday,False
2024-05-01 00:06:17,Lacépède - Monge,True,0 days 00:09:31,9.516666666666667,48.84389286531899,2.351966388523578,0,Wednesday,False
2024-05-01 00:03:26,Halle Freyssinet - Parvis Alan Turing,False,0 days 00:12:22,12.366666666666667,48.832846814471,2.3711421713233,0,Wednesday,False
2024-05-01 00:02:29,Bercy.,False,0 days 00:13:19,13.316666666666666,48.839966914994,2.3788625746965,0,Wednesday,False
2024-05-01 00:12:57,Taitbout - Châteaudun,False,0 days 00:02:51,2.85,48.876383969379,2.335356677933531,0,Wednesday,False
2024-05-01 00:05:21,Gare Saint-Lazare - Isly,True,0 days 00:10:27,10.45,48.874777677621296,2.326515804784655,0,Wednesday,False
2024-05-01 00:06:17,Saint-Mande - Picpus,False,0 days 00:09:31,9.516666666666667,48.845127728278,2.4015686296482,0,Wednesday,False
2024-05-01 00:09:08,Place d'Italie - Vincent Auriol,True,0 days 00:06:40,6.666666666666667,48.831481874467,2.3567550292319,0,Wednesday,False
2024-05-01 00:12:00,Saint-Amand - Labrouste,True,0 days 00:03:48,3.8,48.834097274832295,2.3087677359581,0,Wednesday,False
2024-05-01 00:11:03,Montgallet - Charenton,False,0 days 00:04:45,4.75,48.842647778701,2.3861649278137,0,Wednesday,False
2024-05-01 00:06:17,Pirogues de Bercy - Libourne,False,0 days 00:09:31,9.516666666666667,48.832308,2.38637,0,Wednesday,False
2024-05-01 00:09:08,Gare d'Austerlitz - Pont Charles de Gaulle,True,0 days 00:06:40,6.666666666666667,48.8423198301093,2.3670300096273422,0,Wednesday,False
2024-05-01 00:08:11,Place Denfert-Rochereau,True,0 days 00:07:37,7.616666666666666,48.84325253628669,2.245987951755524,0,Wednesday,False
2024-05-01 00:06:17,Parc de Belleville - Julien Lacroix,True,0 days 00:09:31,9.516666666666667,48.8703459,2.3842214,0,Wednesday,False
2024-05-01 00:03:26,Bourg l'Abbé - Saint-Martin,True,0 days 00:12:22,12.366666666666667,48.86393331949257,2.352406270802021,0,Wednesday,False
2024-05-01 00:06:17,Abbeville - Faubourg Poissonnière,True,0 days 00:09:31,9.516666666666667,48.879223,2.349147,0,Wednesday,False
2024-05-01 00:00:35,Batignolles - Place de Clichy,False,0 days 00:15:13,15.216666666666667,48.883474535757,2.326493114233,0,Wednesday,False
2024-05-01 00:08:11,Richard Lenoir - Republique,True,0 days 00:07:37,7.616666666666666,48.8667175,2.3692541,0,Wednesday,False
2024-05-01 00:06:17,Pau Casals - Neuve Tolbiac,False,0 days 00:09:31,9.516666666666667,48.8311602,2.3774395,0,Wednesday,False
2024-05-01 00:12:00,Aristide Briand - Gare de Bagneux,True,0 days 00:03:48,3.8,48.79387269664978,2.321148812770844,0,Wednesday,False
2024-05-01 00:04:23,Saint Pères - Saint Germain,True,0 days 00:11:25,11.416666666666666,48.853729675265,2.3300181032703,0,Wednesday,False
2024-05-01 00:10:06,Maine - Jean Zay,True,0 days 00:05:42,5.7,48.837925263898,2.3225428909063,0,Wednesday,False
2024-05-01 00:02:29,Félix Ziem - Armand Gauthier,True,0 days 00:13:19,13.316666666666666,48.88949630486821,2.333393658804396,0,Wednesday,False
2024-05-01 00:02:29,Boulangers - Cardinal Lemoine,True,0 days 00:13:19,13.316666666666666,48.8462904,2.3521495,0,Wednesday,False
2024-05-01 00:06:17,Récollets - Square Villemin,True,0 days 00:09:31,9.516666666666667,48.87503465588394,2.359801238597928,0,Wednesday,False
2024-05-01 00:07:14,Hôtel de Ville de Levallois Perret,True,0 days 00:08:34,8.566666666666666,48.89314451997415,2.2888818383216862,0,Wednesday,False
2024-05-01 00:12:00,Legendre - Nollet,True,0 days 00:03:48,3.8,48.887742186754224,2.320293079881375,0,Wednesday,False
2024-05-01 00:06:17,Guy Môquet - Etienne Dolet,True,0 days 00:09:31,9.516666666666667,48.81527009991819,2.298078276995073,0,Wednesday,False
2024-05-01 00:12:00,Batignolles - Beudant,True,0 days 00:03:48,3.8,48.88216401466375,2.319852970540523,0,Wednesday,False
2024-05-01 00:03:26,Quai de la Loire - Jean Jaurès,True,0 days 00:12:22,12.366666666666667,48.88339733854529,2.371074522980134,0,Wednesday,False
2024-05-01 00:10:06,Rossini - Laffitte,True,0 days 00:05:42,5.7,48.87334627510507,2.337980867701675,0,Wednesday,False
2024-05-01 00:05:21,Clichy - Douai,True,0 days 00:10:27,10.45,48.883687771522,2.328063700029,0,Wednesday,False
2024-05-01 00:09:08,Place François Mitterand,True,0 days 00:06:40,6.666666666666667,48.86492782016328,2.442958317697048,0,Wednesday,False
2024-05-01 00:04:23,Belfort - Voltaire,False,0 days 00:11:25,11.416666666666666,48.8563358,2.3829901,0,Wednesday,False
2024-05-01 00:10:06,Notre-Dame-des-Champs - Stanislas,True,0 days 00:05:42,5.7,48.84479928858768,2.329337755887181,0,Wednesday,False
2024-05-01 00:07:14,Pelleport - Belgrand,False,0 days 00:08:34,8.566666666666666,48.86500081847653,2.403980836377493,0,Wednesday,False
2024-05-01 00:11:03,Place Jacques et Thérèse Tréfouël,False,0 days 00:04:45,4.75,48.842726498317,2.3125657439232,0,Wednesday,False
2024-05-01 00:07:14,Mairie d'Ivry-sur-Seine,True,0 days 00:08:34,8.566666666666666,48.81057120969284,2.384282648563385,0,Wednesday,False
2024-05-01 00:08:11,Convention - Vaugirard,True,0 days 00:07:37,7.616666666666666,48.83767682233156,2.295586926020252,0,Wednesday,False
2024-05-01 00:09:08,Reuilly - Place Felix Eboue,False,0 days 00:06:40,6.666666666666667,48.84030274499962,2.394630398715453,0,Wednesday,False
2024-05-01 00:02:29,Cours de l'Ile Seguin - Parc Billancourt,False,0 days 00:13:19,13.316666666666666,48.82714055843935,2.234234511852265,0,Wednesday,False
2024-05-01 00:01:32,Louis Blanc - Aqueduc,True,0 days 00:14:16,14.266666666666667,48.88203018259946,2.3635615780949597,0,Wednesday,False
2024-05-01 00:09:08,Porte d'Orléans,True,0 days 00:06:40,6.666666666666667,48.8227639,2.3249313,0,Wednesday,False
2024-05-01 00:06:17,Lakanal - Commerce,False,0 days 00:09:31,9.516666666666667,48.84442462786544,2.294059172272682,0,Wednesday,False
2024-05-01 00:06:17,Saint-Vincent - Verdun,True,0 days 00:09:31,9.516666666666667,48.819211549234495,2.254007756710053,0,Wednesday,False
2024-05-01 00:08:11,Place de la Nation - Taillebourg,True,0 days 00:07:37,7.616666666666666,48.8488408,2.3973043,0,Wednesday,False
2024-05-01 00:03:26,Brochant - Clichy,False,0 days 00:12:22,12.366666666666667,48.89032998912038,2.319730559929781,0,Wednesday,False
2024-05-01 00:03:26,Sèvres - Lecourbe,False,0 days 00:12:22,12.366666666666667,48.8447677,2.3110086,0,Wednesday,False
2024-05-01 00:12:00,Faubourg Montmartre - La Fayette,False,0 days 00:03:48,3.8,48.87525454905335,2.340853661298752,0,Wednesday,False
2024-05-01 00:09:08,Bois de Vincennes - Gare,True,0 days 00:06:40,6.666666666666667,48.83602224288688,2.4708339950830287,0,Wednesday,False
2024-05-01 00:05:21,Ruisseau - Ordener,True,0 days 00:10:27,10.45,48.89299462568024,2.340144887566567,0,Wednesday,False
2024-05-01 00:00:35,Metz - Faubourg Saint-Denis,True,0 days 00:15:13,15.216666666666667,48.870893,2.353521,0,Wednesday,False
2024-05-01 00:03:26,Mairie du 11ème,False,0 days 00:12:22,12.366666666666667,48.858925,2.3789759,0,Wednesday,False
2024-05-01 00:12:00,Vinaigriers - Magenta,True,0 days 00:03:48,3.8,48.8731167,2.3593052,0,Wednesday,False
2024-05-01 00:00:35,Clichy - Place Blanche,True,0 days 00:15:13,15.216666666666667,48.883601088297,2.3332237824798,0,Wednesday,False
2024-05-01 00:09:08,Silly - Louis Blériot,True,0 days 00:07:37,7.616666666666666,48.83219045374266,2.234019935131073,0,Wednesday,False
2024-05-01 00:06:17,Didot - Mariniers,True,0 days 00:10:28,10.466666666666667,48.82650543613106,2.313136198271666,0,Wednesday,False
2024-05-01 00:06:17,Fabre d'Eglantine - Place de la Nation,True,0 days 00:10:28,10.466666666666667,48.8471116,2.3956204,0,Wednesday,False
2024-05-01 00:05:21,Place Carnot,True,0 days 00:11:24,11.4,48.85593932186797,2.441531717777252,0,Wednesday,False
2024-05-01 00:02:29,Mairie du 11ème,False,0 days 00:14:16,14.266666666666667,48.858925,2.3789759,0,Wednesday,False
2024-05-01 00:00:35,Square Emile - Chautemps,True,0 days 00:16:10,16.166666666666668,48.867433724231,2.3536357283592,0,Wednesday,False
2024-05-01 00:02:29,Greneta - Sebastopol,False,0 days 00:14:16,14.266666666666667,48.865242333228,2.3516669869423,0,Wednesday,False
2024-05-01 00:06:17,Marché Saint-Germain,False,0 days 00:10:28,10.466666666666667,48.85165625855281,2.335500307381153,0,Wednesday,False
2024-05-01 00:09:08,Grenelle - Violet,False,0 days 00:07:37,7.616666666666666,48.84993035512154,2.294612042605877,0,Wednesday,False
2024-05-01 00:04:23,Faubourg St-Antoine - Place de la Nation,True,0 days 00:12:22,12.366666666666667,48.8487726,2.393606,0,Wednesday,False
2024-05-01 00:06:17,Clignancourt - Sofia,True,0 days 00:10:28,10.466666666666667,48.88511992309783,2.34719488842051,0,Wednesday,False
2024-05-01 00:10:06,Marcel Yol - Jullien,True,0 days 00:06:39,6.65,48.82537611802588,2.287235018058929,0,Wednesday,False
2024-05-01 00:00:35,Chabrol - d'Hauteville,True,0 days 00:16:10,16.166666666666668,48.87701838803332,2.3513179644942284,0,Wednesday,False
2024-05-01 00:10:06,Hôtel de Ville de Levallois Perret,True,0 days 00:06:39,6.65,48.89314451997415,2.2888818383216862,0,Wednesday,False
2024-05-01 00:06:17,Fabre d'Eglantine - Place de la Nation,True,0 days 00:10:28,10.466666666666667,48.8471116,2.3956204,0,Wednesday,False
2024-05-01 00:03:26,Boulets - Voltaire,False,0 days 00:13:19,13.316666666666666,48.85218705621,2.3890301585197,0,Wednesday,False
2024-05-01 00:13:54,Saint-Denis - Réaumur,False,0 days 00:02:51,2.85,48.8661116315789,2.3507790675507594,0,Wednesday,False
2024-05-01 00:06:17,Primo Levi - Frigos,False,0 days 00:10:28,10.466666666666667,48.83094844846017,2.37965351592796,0,Wednesday,False
2024-05-01 00:12:00,Thouin - Cardinal Lemoine,True,0 days 00:04:45,4.75,48.84504716661511,2.3494647851273465,0,Wednesday,False
2024-05-01 00:05:21,Fabre d'Eglantine - Place de la Nation,False,0 days 00:11:24,11.4,48.8471116,2.3956204,0,Wednesday,False
2024-05-01 00:12:00,Gare de l'Est - Chateau Landon,True,0 days 00:04:45,4.75,48.879305,2.362424,0,Wednesday,False
2024-05-01 00:01:32,Quai Voltaire,False,0 days 00:15:13,15.216666666666667,48.858942986179,2.3314182047146,0,Wednesday,False
2024-05-01 00:08:11,Pyrénées - Cours de Vincennes,False,0 days 00:08:34,8.566666666666666,48.847796779935,2.4061721563339,0,Wednesday,False
2024-05-01 00:13:54,Saint-Denis - Réaumur,False,0 days 00:02:51,2.85,48.8661116315789,2.3507790675507594,0,Wednesday,False
2024-05-01 00:08:11,Flandre - Ourcq,True,0 days 00:08:34,8.566666666666666,48.89260159189023,2.3790915682911877,0,Wednesday,False
2024-05-01 00:02:29,Lucien Sampaix - Récollets,False,0 days 00:14:16,14.266666666666667,48.87433037756048,2.3621229082345963,0,Wednesday,False
2024-05-01 00:05:21,Volontaires - Vaugirard,False,0 days 00:11:24,11.4,48.84132050184004,2.30808901725357,0,Wednesday,False
2024-05-01 00:11:03,Mairie du 20ème,True,0 days 00:05:42,5.7,48.865302324275,2.3990669846535,0,Wednesday,False
2024-05-01 00:12:57,Lamartine - Faubourg Montmartre,False,0 days 00:03:48,3.8,48.87661398289084,2.339765690267086,0,Wednesday,False
2024-05-01 00:00:35,Cardinal Lavigerie,True,0 days 00:16:10,16.166666666666668,48.83293419369984,2.402636749399156,0,Wednesday,False
2024-05-01 00:09:08,Place Adolphe Cherioux - Vaugirard,True,0 days 00:07:37,7.616666666666666,48.83959442800459,2.3010657727718358,0,Wednesday,False
2024-05-01 00:06:17,Gare de Lyon - Place Louis Armand,False,0 days 00:10:28,10.466666666666667,48.845515089794,2.3726498446286,0,Wednesday,False
2024-05-01 00:14:51,Petit - Manin,False,0 days 00:01:54,1.9,48.88650687534334,2.3938155401308374,0,Wednesday,False
2024-05-01 00:02:29,Ménilmontant - Père Lachaise,True,0 days 00:14:16,14.266666666666667,48.863287291502,2.3869940266013,0,Wednesday,False
2024-05-01 00:05:21,Place du Palais Royal,False,0 days 00:11:24,11.4,48.862382970647,2.3384822532535,0,Wednesday,False
2024-05-01 00:03:26,Boulangers - Cardinal Lemoine,True,0 days 00:13:19,13.316666666666666,48.8462904,2.3521495,0,Wednesday,False
2024-05-01 00:09:08,Cambronne - Villa Croix Nivert,True,0 days 00:07:37,7.616666666666666,48.845847561366,2.3017574474216,0,Wednesday,False
2024-05-01 00:09:08,Point du Jour - Jean Jaurès,True,0 days 00:07:37,7.616666666666666,48.82875314143647,2.245911467014621,0,Wednesday,False
2024-05-01 00:05:21,Cité de la Musique,True,0 days 00:11:24,11.4,48.888796556487,2.3925811931922,0,Wednesday,False
2024-05-01 00:08:11,Saint-Mandé - Fabre d'Eglantine,True,0 days 00:08:34,8.566666666666666,48.8453579,2.3965022,0,Wednesday,False
2024-05-01 00:13:54,Grand Prieuré - Crussol,False,0 days 00:02:51,2.85,48.864660627935,2.3692265531829,0,Wednesday,False
2024-05-01 00:09:08,Belleville -  Pré Saint-Gervais,True,0 days 00:07:37,7.616666666666666,48.875565910073,2.3930460959673,0,Wednesday,False
2024-05-01 00:07:14,Petites Ecuries - Faubourg Saint-Denis,True,0 days 00:09:31,9.516666666666667,48.87287120589831,2.35421508550644,0,Wednesday,False
2024-05-01 00:10:06,Mairie,True,0 days 00:06:39,6.65,48.87914304162,2.4163350908311,0,Wednesday,False
2024-05-01 00:10:06,Villiers de l'Isle Adam - Pyrénées,True,0 days 00:06:39,6.65,48.867362,2.396222,0,Wednesday,False
2024-05-01 00:09:08,Euryale Dehaynin - Loire,False,0 days 00:07:37,7.616666666666666,48.886248917304805,2.3774591088294987,0,Wednesday,False
2024-05-01 00:06:17,Lacuée - Lyon,False,0 days 00:10:28,10.466666666666667,48.849268481958,2.3704585433006,0,Wednesday,False
2024-05-01 00:03:26,Richard Lenoir - Jean-Pierre Timbaud,True,0 days 00:13:19,13.316666666666666,48.865804276686,2.3693370749669,0,Wednesday,False
2024-05-01 00:06:17,Temple - Charlot,False,0 days 00:10:28,10.466666666666667,48.865709343796,2.3652737250724,0,Wednesday,False
2024-05-01 00:06:17,Pirogues de Bercy - Libourne,False,0 days 00:10:28,10.466666666666667,48.832308,2.38637,0,Wednesday,False
2024-05-01 00:03:26,Eylau - Trocadéro,True,0 days 00:13:19,13.316666666666666,48.863354122371,2.2864209115505,0,Wednesday,False
2024-05-01 00:03:26,Chemin Vert - Saint-Maur,True,0 days 00:13:19,13.316666666666666,48.86112461407359,2.381299026310444,0,Wednesday,False
2024-05-01 00:10:06,Damrémont - Ordener,True,0 days 00:06:39,6.65,48.893400392981874,2.336266523912805,0,Wednesday,False
2024-05-01 00:12:57,Jemmapes - Ecluses Saint-Martin,False,0 days 00:03:48,3.8,48.87748519186726,2.3660067468881607,0,Wednesday,False
2024-05-01 00:04:23,Mairie du 18ème,False,0 days 00:12:22,12.366666666666667,48.892939296937605,2.344551086425781,0,Wednesday,False
2024-05-01 00:13:54,Mazagran - Bonne Nouvelle,True,0 days 00:03:48,3.8,48.870047123655,2.3511248454452,0,Wednesday,False
2024-05-01 00:02:29,Sommerard - Saint-Jacques,False,0 days 00:15:13,15.216666666666667,48.85031043292447,2.345015835298588,0,Wednesday,False
2024-05-01 00:02:29,Mairie du 11ème,False,0 days 00:15:13,15.216666666666667,48.858925,2.3789759,0,Wednesday,False
2024-05-01 00:06:17,Jean Jaurès - Reine,True,0 days 00:11:25,11.416666666666666,48.84009622558849,2.239872515201569,0,Wednesday,False
2024-05-01 00:00:35,Place de Lévis,False,0 days 00:17:07,17.116666666666667,48.88354685153325,2.313193380832673,0,Wednesday,False
2024-05-01 00:04:23,Gare du Nord - Dunkerque,False,0 days 00:13:19,13.316666666666666,48.880423508429,2.3527636751533,0,Wednesday,False
2024-05-01 00:03:26,Fabre d'Eglantine - Place de la Nation,True,0 days 00:14:16,14.266666666666667,48.8471116,2.3956204,0,Wednesday,False
2024-05-01 00:06:17,Gare de Lyon - Place Louis Armand,True,0 days 00:11:25,11.416666666666666,48.845515089794,2.3726498446286,0,Wednesday,False
2024-05-01 00:06:17,Chabrol - d'Hauteville,False,0 days 00:11:25,11.416666666666666,48.87701838803332,2.3513179644942284,0,Wednesday,False
2024-05-01 00:07:14,Pelleport - Belgrand,True,0 days 00:10:28,10.466666666666667,48.86500081847653,2.403980836377493,0,Wednesday,False
2024-05-01 00:06:17,Hauteville - Bonne Nouvelle,False,0 days 00:11:25,11.416666666666666,48.87077436024,2.3496496368327,0,Wednesday,False
2024-05-01 00:09:08,Edgar Quinet - Raspail,True,0 days 00:08:34,8.566666666666666,48.83940266673835,2.32971478253603,0,Wednesday,False
2024-05-01 00:02:29,Place Tristan Bernard,False,0 days 00:15:13,15.216666666666667,48.8794936,2.2915423,0,Wednesday,False
2024-05-01 00:13:54,Kléber - National,False,0 days 00:03:48,3.8,48.90633389871224,2.2393910586833954,0,Wednesday,False
2024-05-01 00:06:17,Buzenval - Avron,False,0 days 00:11:25,11.416666666666666,48.851617204998654,2.401513597307666,0,Wednesday,False
2024-05-01 00:01:32,Porte de Charenton,False,0 days 00:16:10,16.166666666666668,48.83124010585643,2.3989107459783554,0,Wednesday,False
2024-05-01 00:12:00,Jouffroy d'Abbans - Malesherbes,True,0 days 00:05:42,5.7,48.8850134,2.3070717,0,Wednesday,False
2024-05-01 00:10:06,Douai - Bruxelles,True,0 days 00:07:36,7.6,48.88320784122797,2.3308449949028507,0,Wednesday,False
2024-05-01 00:00:35,Charenton - Prague,True,0 days 00:17:07,17.116666666666667,48.848175129981,2.3763584494312,0,Wednesday,False
2024-05-01 00:08:11,Division Leclerc - Kléber,True,0 days 00:09:31,9.516666666666667,48.798666226364,2.2833752789972,0,Wednesday,False
2024-05-01 00:02:29,Fabre d'Eglantine - Place de la Nation,False,0 days 00:15:13,15.216666666666667,48.8471116,2.3956204,0,Wednesday,False
2024-05-01 00:05:21,Buzenval - Avron,False,0 days 00:12:21,12.35,48.851617204998654,2.401513597307666,0,Wednesday,False
2024-05-01 00:14:51,Claude Vellefaux - Hôpital Saint-Louis,False,0 days 00:02:51,2.85,48.872859139003,2.3700717069851,0,Wednesday,False
2024-05-01 00:09:08,Place d'Italie - Vincent Auriol,True,0 days 00:08:34,8.566666666666666,48.831481874467,2.3567550292319,0,Wednesday,False
2024-05-01 00:09:08,Fille du Calvaire - Turenne,False,0 days 00:08:34,8.566666666666666,48.86210505412563,2.3649600148200998,0,Wednesday,False
2024-05-01 00:02:29,Saint-Denis - Rivoli,False,0 days 00:15:13,15.216666666666667,48.859059340842,2.3476943001151,0,Wednesday,False
2024-05-01 00:06:17,Maxime Gorki - Paul Vaillant-Couturier,False,0 days 00:11:25,11.416666666666666,48.79673508795443,2.3683342337608337,0,Wednesday,False
2024-05-01 00:10:06,Neuve Saint-Pierre - Beautreillis,False,0 days 00:07:36,7.6,48.85355351439652,2.3639122769236565,0,Wednesday,False
2024-05-01 00:14:51,Rochechouart lamartine,False,0 days 00:02:51,2.85,48.876719895109,2.344393021854,0,Wednesday,False
2024-05-01 00:10:06,Constantine - Université,False,0 days 00:08:33,8.55,48.860680473738,2.3148481955842,0,Wednesday,False
2024-05-01 00:03:26,Alibert - Jemmapes,False,0 days 00:15:13,15.216666666666667,48.871044051984,2.3661044619878,0,Wednesday,False
2024-05-01 00:04:23,Voltaire - Anatole France,False,0 days 00:14:16,14.266666666666667,48.8919993602569,2.284262739121914,0,Wednesday,False
2024-05-01 00:03:26,Amelot - Saint-Sébastien,False,0 days 00:15:13,15.216666666666667,48.861142162761,2.3677996181077,0,Wednesday,False
2024-05-01 00:02:29,Bourse du Travail,False,0 days 00:16:10,16.166666666666668,48.868976638826,2.3623438552022,0,Wednesday,False
2024-05-01 00:15:48,Mairie du 11ème,False,0 days 00:02:51,2.85,48.858925,2.3789759,0,Wednesday,False
2024-05-01 00:00:35,Place Paul Delouvrier,False,0 days 00:18:04,18.066666666666666,48.89197621431365,2.385128885507584,0,Wednesday,False
2024-05-01 00:02:29,Sommerard - Saint-Jacques,True,0 days 00:16:10,16.166666666666668,48.85031043292447,2.345015835298588,0,Wednesday,False
2024-05-01 00:08:11,Hélène et François Missoffe - Emile Borel,True,0 days 00:10:28,10.466666666666667,48.89990653843488,2.321543991674844,0,Wednesday,False
2024-05-01 00:14:51,Italie - Tolbiac,True,0 days 00:03:48,3.8,48.82557229464416,2.357617132365704,0,Wednesday,False
2024-05-01 00:12:00,Grand Prieuré - Crussol,False,0 days 00:06:39,6.65,48.864660627935,2.3692265531829,0,Wednesday,False
2024-05-01 00:00:35,Bleue - Trévise,True,0 days 00:18:04,18.066666666666666,48.87578906564573,2.347289621829987,0,Wednesday,False
2024-05-01 00:06:17,Ménilmontant - Oberkampf,False,0 days 00:12:22,12.366666666666667,48.866617658681,2.3830134404158,0,Wednesday,False
2024-05-01 00:09:08,Grand Prieuré - Crussol,False,0 days 00:09:31,9.516666666666667,48.864660627935,2.3692265531829,0,Wednesday,False
2024-05-01 00:09:08,Charenton - Place du Col Bourgoin,True,0 days 00:09:31,9.516666666666667,48.844867319554,2.3825789350545,0,Wednesday,False
2024-05-01 00:08:11,Mairie de Bagnolet,False,0 days 00:10:28,10.466666666666667,48.868421318555,2.4179587885737,0,Wednesday,False
2024-05-01 00:04:23,Parmentier - République,True,0 days 00:14:16,14.266666666666667,48.8644954,2.3750124,0,Wednesday,False
2024-05-01 00:06:17,Etienne Jodelle - Saint Ouen,True,0 days 00:12:22,12.366666666666667,48.88794016394694,2.326124420314341,0,Wednesday,False
2024-05-01 00:07:14,Place Mireille Havet,True,0 days 00:11:25,11.416666666666666,48.850533,2.383756,0,Wednesday,False
2024-05-01 00:12:00,Metz - Faubourg Saint-Denis,False,0 days 00:06:39,6.65,48.870893,2.353521,0,Wednesday,False
2024-05-01 00:07:14,Belfort - Voltaire,True,0 days 00:11:25,11.416666666666666,48.8563358,2.3829901,0,Wednesday,False
2024-05-01 00:12:00,Versailles - Claude Terrasse,False,0 days 00:06:39,6.65,48.84021933807409,2.263834191152959,0,Wednesday,False
2024-05-01 00:06:17,Quai de l'Aisne - Général Leclerc,True,0 days 00:12:22,12.366666666666667,48.895713,2.400571,0,Wednesday,False
2024-05-01 00:12:00,Clignancourt - Sofia,True,0 days 00:06:39,6.65,48.88511992309783,2.34719488842051,0,Wednesday,False
2024-05-01 00:06:17,Pyrénées - Maraîchers,True,0 days 00:12:22,12.366666666666667,48.85714001395299,2.4043509364128117,0,Wednesday,False
2024-05-01 00:02:29,Place d'Italie - Vincent Auriol,True,0 days 00:16:10,16.166666666666668,48.831481874467,2.3567550292319,0,Wednesday,False
2024-05-01 00:05:21,Moulin de Pierre - Abbé Grégoire,True,0 days 00:13:18,13.3,48.822036188382,2.2754641655975,0,Wednesday,False
2024-05-01 00:12:00,Cours de l'Ile Seguin - Parc Billancourt,True,0 days 00:06:39,6.65,48.82714055843935,2.234234511852265,0,Wednesday,False
2024-05-01 00:06:17,Jourdain - Place des Grandes Rigoles,True,0 days 00:12:22,12.366666666666667,48.87403113727167,2.38959476351738,0,Wednesday,False
2024-05-01 00:02:29,Gaston Roussel - Commune de Paris,True,0 days 00:16:10,16.166666666666668,48.89432034553156,2.432552274419542,0,Wednesday,False
2024-05-01 00:07:14,Place Jeanne d'Arc,True,0 days 00:11:25,11.416666666666666,48.829575,2.369126,0,Wednesday,False
2024-05-01 00:09:08,Jean Jaurès - Reine,False,0 days 00:09:31,9.516666666666667,48.84009622558849,2.239872515201569,0,Wednesday,False
2024-05-01 00:13:54,Pergolèse - Marbeau,True,0 days 00:04:45,4.75,48.87356870686902,2.281512522529856,0,Wednesday,False
2024-05-01 00:03:26,Alexandre Dumas - Voltaire,True,0 days 00:15:13,15.216666666666667,48.852888670365,2.3891476408096,0,Wednesday,False
2024-05-01 00:05:21,Regnault - Patay,False,0 days 00:13:18,13.3,48.82435782216384,2.377065159380436,0,Wednesday,False
2024-05-01 00:11:03,Porte de Bagnolet,True,0 days 00:07:36,7.6,48.86470713912298,2.408344637349607,0,Wednesday,False
2024-05-01 00:13:54,André Theuriet - Blagis,True,0 days 00:04:45,4.75,48.77977325745441,2.3130525648593903,0,Wednesday,False
2024-05-01 00:10:06,Madeleine Michelis - Roule,True,0 days 00:08:33,8.55,48.88260431301364,2.2773634269833565,0,Wednesday,False
2024-05-01 00:00:35,Quai de la Loire - Jean Jaurès,True,0 days 00:18:04,18.066666666666666,48.88339733854529,2.371074522980134,0,Wednesday,False
2024-05-01 00:14:51,Chemin Vert - Saint-Maur,False,0 days 00:03:48,3.8,48.86112461407359,2.381299026310444,0,Wednesday,False
2024-05-01 00:12:00,Fief - République,False,0 days 00:06:39,6.65,48.83170888166024,2.255771979689598,0,Wednesday,False
2024-05-01 00:14:51,Bobillot - Moulin des Prés,False,0 days 00:03:48,3.8,48.828657346203,2.353020646317,0,Wednesday,False
2024-05-01 00:00:35,Sommerard - Saint-Jacques,False,0 days 00:18:04,18.066666666666666,48.85031043292447,2.345015835298588,0,Wednesday,False
2024-05-01 00:10:06,Aqueduc - Villette,True,0 days 00:08:33,8.55,48.883886063895,2.367198803315,0,Wednesday,False
2024-05-01 00:00:35,Danielle Casanova - Ledru-Rollin,True,0 days 00:18:04,18.066666666666666,48.815783497876815,2.383259721100331,0,Wednesday,False
2024-05-01 00:10:06,Louis Blanc - Jemmapes,False,0 days 00:08:33,8.55,48.87933075529735,2.368448562920093,0,Wednesday,False
2024-05-01 00:00:35,Verdun - Carnot,True,0 days 00:18:04,18.066666666666666,48.80843937606495,2.373795211315155,0,Wednesday,False
2024-05-01 00:05:21,Strasbourg - Saint-Denis,False,0 days 00:13:18,13.3,48.869601642433,2.3542908579111,0,Wednesday,False
2024-05-01 00:12:57,Hôpital Bégin,True,0 days 00:05:42,5.7,48.84571672113014,2.4272462725639348,0,Wednesday,False
2024-05-01 00:03:26,Cité des Sciences et de l'Industrie,True,0 days 00:15:13,15.216666666666667,48.89659571178903,2.384599149227142,0,Wednesday,False
2024-05-01 00:03:26,Damrémont - Ordener,True,0 days 00:15:13,15.216666666666667,48.893400392981874,2.336266523912805,0,Wednesday,False
2024-05-01 00:09:08,Italie - Jardin Joan Miro,True,0 days 00:09:31,9.516666666666667,48.81990914045756,2.35929485410452,0,Wednesday,False
2024-05-01 00:09:08,Terroirs de France - Lheureux,False,0 days 00:09:31,9.516666666666667,48.83212027074841,2.388618104159832,0,Wednesday,False
2024-05-01 00:12:57,Javel - André Citroën,False,0 days 00:05:42,5.7,48.846276485475,2.2786368057131767,0,Wednesday,False
2024-05-01 00:03:26,Porte de Versailles,False,0 days 00:15:13,15.216666666666667,48.832324016657,2.2875617349045,0,Wednesday,False
2024-05-01 00:15:48,Arago - Glacière,True,0 days 00:02:51,2.85,48.83486054775774,2.3445770524322067,0,Wednesday,False
2024-05-01 00:06:17,Jussieu - Fossés Saint-Bernard,False,0 days 00:13:19,13.316666666666666,48.84718551002347,2.3534858599305157,0,Wednesday,False
2024-05-01 00:15:48,Centre Georges Pompidou,False,0 days 00:03:48,3.8,48.861419,2.352581,0,Wednesday,False
2024-05-01 00:00:35,Cambon - Rivoli,False,0 days 00:19:01,19.016666666666666,48.866143390992,2.3251800647137,0,Wednesday,False
2024-05-01 00:17:42,Cordelières - Arago,False,0 days 00:01:54,1.9,48.83548071896613,2.348572461702221,0,Wednesday,False
2024-05-01 00:10:06,Porte de la Villette,True,0 days 00:09:30,9.5,48.89835196548483,2.386150136590004,0,Wednesday,False
2024-05-01 00:06:17,Jussieu - Fossés Saint-Bernard,False,0 days 00:13:19,13.316666666666666,48.84718551002347,2.3534858599305157,0,Wednesday,False
2024-05-01 00:07:14,Paradis - Hauteville,True,0 days 00:12:22,12.366666666666667,48.87499995466676,2.3522757401923404,0,Wednesday,False
2024-05-01 00:11:03,Choron - Martyrs,False,0 days 00:08:33,8.55,48.877851443502536,2.3396701365709305,0,Wednesday,False
2024-05-01 00:03:26,Keller - La Roquette,False,0 days 00:16:10,16.166666666666668,48.8555508,2.3752778,0,Wednesday,False
2024-05-01 00:13:54,Hôtel de Ville de Vincennes,True,0 days 00:05:42,5.7,48.84827609706963,2.439895570278168,0,Wednesday,False
2024-05-01 00:10:06,Magenta - Chabrol,False,0 days 00:09:30,9.5,48.876495350882,2.3560990020633,0,Wednesday,False
